{"IcoMoonType":"selection","icons":[{"icon":{"paths":["M0 0h1365.333v113.778h-1365.333v-113.778zM0 455.111h1365.333v113.778h-1365.333v-113.778zM1365.333 910.222h-1365.333v113.778h1365.333v-113.778z"],"attrs":[],"width":1365,"isMulticolor":false,"isMulticolor2":false,"grid":0,"tags":["Combined Shape"],"colorPermutations":{}},"attrs":[],"properties":{"order":6,"id":0,"name":"Combined-Shape","prevSize":32,"code":59648},"setIdx":0,"setId":3,"iconIdx":0}],"height":1024,"metadata":{"name":"icomoon"},"preferences":{"showGlyphs":true,"showQuickUse":true,"showQuickUse2":true,"showSVGs":true,"fontPref":{"prefix":"icon-","metadata":{"fontFamily":"icomoon"},"metrics":{"emSize":1024,"baseline":6.25,"whitespace":50},"embed":false},"imagePref":{"prefix":"icon-","png":true,"useClassSelector":true,"color":0,"bgColor":16777215,"classSelector":".icon"},"historySize":50,"showCodes":true,"gridSize":16}}